{
  "accuracy": 0.855928,
  "auc": 0.6424048223408844,
  "thresholds": {
    "accuracy": 0.75,
    "auc": 0.8
  }
}